{"value_dimensions": ["Self-direction", "Stimulation", "Hedonism", "Achievement", "Power", "Security", "Tradition", "Conformity", "Benevolence", "Universalism"], "tsne_models": [[-31.37234878540039, -49.60758590698242, 33.698829650878906], [-44.918582916259766, -37.40704345703125, 87.71900177001953], [45.46839904785156, -89.27576446533203, 27.736591339111328], [-1.1410164833068848, 24.19758415222168, -12.843807220458984], [37.375038146972656, -25.56531524658203, 12.171852111816406], [-18.526521682739258, -10.572691917419434, -41.896888732910156], [-61.54755783081055, 49.52750778198242, -18.303234100341797], [-16.15752601623535, 109.68023681640625, -21.461528778076172], [27.81986427307129, -40.67768478393555, -129.57215881347656], [-11.059771537780762, -30.937938690185547, 62.87839126586914], [-2.5501739978790283, -28.364179611206055, -3.313809394836426], [-0.27466318011283875, 46.24201965332031, 76.17303466796875], [4.912428855895996, -104.50556182861328, 24.266759872436523], [-70.80250549316406, 14.123964309692383, 24.863670349121094], [-26.01138687133789, 81.35384368896484, 65.15941619873047], [1.7049057483673096, -118.16300201416016, 56.823692321777344], [-9.894299507141113, 55.27267074584961, 36.21214294433594], [5.883017539978027, -4.093728542327881, 93.98589324951172], [-51.15728759765625, 72.09479522705078, 10.046517372131348], [30.27488136291504, 35.27851104736328, 39.06052017211914], [-38.7424201965332, 86.34524536132812, -39.50294494628906], [-24.975418090820312, 47.97682189941406, 0.7299750447273254]], "tsne_model_caption": ["sea-lionv2.1", "sea-lion-7b", "gpt-4", "gpt-4o", "gpt-4o-mini", "gpt-3.5-turbo", "claude-3.5-sonnet", "gemini-1.5-pro", "llama-3.1-405B-instruct", "llama-3.1-70B-instruct", "llama-3-70B-instruct", "mistral-large", "phi-3-mini-instruct", "phi-3-medium-instruct", "phi-3.5-mini-instruct", "phi-3.5-moe-instruct", "glm4", "baichuan4", "qwen-max", "yi-large", "Moonshot-v1", "DeepSeek-v1"], "tsne_cultures": [[42.255088806152344, -49.159358978271484, -76.00198364257812], [-30.547569274902344, -76.97148132324219, -52.09808349609375], [78.43284606933594, -44.46702194213867, -35.742759704589844], [110.5762939453125, -28.407724380493164, -40.2837028503418], [34.83404541015625, 7.847513198852539, -86.99212646484375], [92.60830688476562, -17.08110809326172, -80.90834045410156], [59.76633071899414, -14.679823875427246, -63.86069107055664], [77.5925521850586, 13.746612548828125, -94.57758331298828]], "tsne_culture_caption": ["China", "France", "UK", "Russia", "US", "Indonesia", "Singapore", "India"]}